-- Insert verbal reasoning questions
CREATE TABLE IF NOT EXISTS Questions (
    question_id INTEGER PRIMARY KEY,
    question_text VARCHAR(255) NOT NULL
);

-- Create the Options table
CREATE TABLE IF NOT EXISTS Options (
    option_id INTEGER,
    question_id INTEGER,
    option_text VARCHAR(255) NOT NULL,
    is_correct BOOLEAN,
    FOREIGN KEY (question_id) REFERENCES Questions(question_id)
);

CREATE TABLE IF NOT EXISTS Image_Questions (
    question_id INTEGER PRIMARY KEY,
    question_img VARCHAR(255) NOT NULL
);

CREATE TABLE IF NOT EXISTS Image_Options (
    option_id INTEGER,
    question_id INTEGER,
    option_text VARCHAR(255) NOT NULL,
    is_correct BOOLEAN,
    FOREIGN KEY (question_id) REFERENCES Image_Questions(question_id)
);


INSERT OR IGNORE INTO Questions (question_id, question_text) VALUES
    (1, 'What is the synonym of "exuberant"?'),
    (2, 'Choose the word that best fits the sentence: He was _______ after winning the championship.'),
    (3, 'Select the word that is the opposite of "diligent".'),
    (4, 'Fill in the blank: The child exhibited _______ behavior during the performance.'),
    (5, 'What is the synonym of "loquacious"?'),
    (6, 'Choose the word that best fits the sentence: Her _______ appearance made her stand out in the crowd.'),
    (7, 'Select the word that is the opposite of "ephemeral".'),
    (8, 'Fill in the blank: The team exhibited _______ cooperation during the project.'),
    (9, 'What is the synonym of "pensive"?'),
    (10,'Choose the word that best fits the sentence: His _______ remarks offended many in the audience.');

INSERT OR IGNORE INTO Options (question_id, option_text, is_correct) VALUES
    (1, 'Energetic', TRUE),
    (1, 'Reserved', FALSE),
    (1, 'Tired', FALSE),
    (1, 'Excited', FALSE),
    (2, 'Proud', FALSE),
    (2, 'Elated', TRUE),
    (2, 'Depressed', FALSE),
    (2, 'Ambivalent', FALSE),
    (3, 'Careless', TRUE),
    (3, 'Industrious', FALSE),
    (3, 'Efficient', FALSE),
    (3, 'Determined', FALSE),
    (4, 'Impish', TRUE),
    (4, 'Serene', FALSE),
    (4, 'Calm', FALSE),
    (4, 'Anxious', FALSE),
    (5, 'Talkative', TRUE),
    (5, 'Quiet', FALSE),
    (5, 'Shy', FALSE),
    (5, 'Reserved', FALSE),
    (6, 'Elegant', TRUE),
    (6, 'Ragged', FALSE),
    (6, 'Plain', FALSE),
    (6, 'Ordinary', FALSE),
    (7, 'Permanent', TRUE),
    (7, 'Lasting', FALSE),
    (7, 'Transient', FALSE),
    (7, 'Enduring', FALSE),
    (8, 'Excellent', TRUE),
    (8, 'Poor', FALSE),
    (8, 'Lackluster', FALSE),
    (8, 'Mediocre', FALSE),
    (9, 'Thoughtful', TRUE),
    (9, 'Carefree', FALSE),
    (9, 'Reflective', FALSE),
    (9, 'Impulsive', FALSE),
    (10, 'Offensive', TRUE),
    (10, 'Tactful', FALSE),
    (10, 'Respectful', FALSE),
    (10, 'Polite', FALSE);

INSERT OR IGNORE INTO Image_Questions (question_id, question_img) VALUES
    (1, 'https://res.cloudinary.com/dy4wv7gh2/image/upload/v1716670611/uploads/289646c5-bc28-46cf-8da0-080bb96b55ca.png'),
    (2, 'https://res.cloudinary.com/dy4wv7gh2/image/upload/v1716670879/uploads/36207ca7-f794-459a-8c5f-57a12fc89f2c.png'),
    (3, 'https://res.cloudinary.com/dy4wv7gh2/image/upload/v1716670914/uploads/a751b037-1673-484c-b9d3-ae3b33abc2bf.png'),
    (4, 'https://res.cloudinary.com/dy4wv7gh2/image/upload/v1716670988/uploads/db717c16-1db4-4c97-9c55-62e56a594d80.png'),
    (5, 'https://res.cloudinary.com/dy4wv7gh2/image/upload/v1716671015/uploads/a9e7b757-f1f1-4199-b535-ea54cfbbcaf6.png'),
    (6, 'https://res.cloudinary.com/dy4wv7gh2/image/upload/v1716671067/uploads/7ce06325-12f9-4222-93a0-ba7b6bfd36eb.png'),
    (7, 'https://res.cloudinary.com/dy4wv7gh2/image/upload/v1716671106/uploads/1be3205e-f719-4994-9549-11bb45ced07c.png'),
    (8, 'https://res.cloudinary.com/dy4wv7gh2/image/upload/v1716671140/uploads/768f34fd-fe86-4d22-85fd-a5acb1fccfde.png'),
    (9, 'https://res.cloudinary.com/dy4wv7gh2/image/upload/v1716671168/uploads/430e7c8c-24c0-49c7-bade-ef2f9549c4ce.png'),
    (10, 'https://res.cloudinary.com/dy4wv7gh2/image/upload/v1716671226/uploads/42744179-da8c-46c5-b422-a669e2b44cc0.png'),
    (11, 'https://res.cloudinary.com/dy4wv7gh2/image/upload/v1716671257/uploads/a0171358-8d70-402a-8b7e-483c5801c42d.png'),
    (12, 'https://res.cloudinary.com/dy4wv7gh2/image/upload/v1716671283/uploads/72ba0125-b925-4551-bab6-0ff18f2ac556.png'),
    (13, 'https://res.cloudinary.com/dy4wv7gh2/image/upload/v1716671310/uploads/c9343334-af79-40bb-9a29-1b637c986760.png'),
    (14, 'https://res.cloudinary.com/dy4wv7gh2/image/upload/v1716671342/uploads/c81de6e5-1f9f-4ffc-b7f4-7ad7817d8638.png'),
    (15, 'https://res.cloudinary.com/dy4wv7gh2/image/upload/v1716671382/uploads/22f82720-5e67-4cf0-b493-6454bec3eb09.png'),
    (16, 'https://res.cloudinary.com/dy4wv7gh2/image/upload/v1716671427/uploads/83e04464-c23c-44f2-9cec-6ce728cc42e6.png'),
    (17, 'https://res.cloudinary.com/dy4wv7gh2/image/upload/v1716671461/uploads/8011371b-98d5-4691-9908-a8918b0d36b3.png'),
    (18, 'https://res.cloudinary.com/dy4wv7gh2/image/upload/v1716671488/uploads/17ca67b2-de02-4d9b-ab97-bc3e70992b1a.png'),
    (19, 'https://res.cloudinary.com/dy4wv7gh2/image/upload/v1716671516/uploads/8b98dbf1-6d6b-4504-b901-ed57eed922c8.png'),
    (20, 'https://res.cloudinary.com/dy4wv7gh2/image/upload/v1716671545/uploads/eaeac608-2c99-4851-bab5-bb6e344262c3.png'),
    (21, 'https://res.cloudinary.com/dy4wv7gh2/image/upload/v1716671572/uploads/39c6c26d-a72e-44f1-ac48-fb2e2057aceb.png'),
    (22, 'https://res.cloudinary.com/dy4wv7gh2/image/upload/v1716671606/uploads/be07e3a6-f7f1-4f67-b179-7da0dc2b2c4f.png'),
    (23, 'https://res.cloudinary.com/dy4wv7gh2/image/upload/v1716671635/uploads/40d78b5c-7aac-4d70-89b1-7bd07d24cabd.png'),
    (24, 'https://res.cloudinary.com/dy4wv7gh2/image/upload/v1716671658/uploads/0717bc09-29e4-4a10-b673-9841c90fb16a.png'),
    (25, 'https://res.cloudinary.com/dy4wv7gh2/image/upload/v1716671684/uploads/4979b1b3-53ff-4955-a794-8785b979d6e5.png'),
    (26, 'https://res.cloudinary.com/dy4wv7gh2/image/upload/v1716671738/uploads/3074e23c-c5ea-4d9f-8ace-8729aa1c9baf.png'),
    (27, 'https://res.cloudinary.com/dy4wv7gh2/image/upload/v1716671762/uploads/fc0ac40e-222d-4bbe-ba75-fd971ade572a.png'),
    (28, 'https://res.cloudinary.com/dy4wv7gh2/image/upload/v1716671788/uploads/dd791023-f7fb-4bee-8e88-6db585f18a0b.png'),
    (29, 'https://res.cloudinary.com/dy4wv7gh2/image/upload/v1716671845/uploads/18aea0e1-c24a-4d2b-bf62-63963b4e551a.png'),
    (30, 'https://res.cloudinary.com/dy4wv7gh2/image/upload/v1716671875/uploads/bd19ef50-f9f2-412d-9f18-a4ecd3d7dcf1.png'),
    (31, 'https://res.cloudinary.com/dy4wv7gh2/image/upload/v1716671903/uploads/9e472a71-8e15-4fa8-9dc6-3642c002c584.png'),
    (32, 'https://res.cloudinary.com/dy4wv7gh2/image/upload/v1716671935/uploads/c8eb8736-67d0-46c9-b9e8-566f4453373f.png'),
    (33, 'https://res.cloudinary.com/dy4wv7gh2/image/upload/v1716671966/uploads/a8cd4174-b83b-40e3-9893-3ddd2a17593d.png'),
    (34, 'https://res.cloudinary.com/dy4wv7gh2/image/upload/v1716672015/uploads/274ba0ae-d3be-4eed-a0f0-ec49f479e5a1.png'),
    (35, 'https://res.cloudinary.com/dy4wv7gh2/image/upload/v1716672046/uploads/541ae235-3adc-4719-8e5e-7adc2af624a2.png'),
    (36, 'https://res.cloudinary.com/dy4wv7gh2/image/upload/v1716672156/uploads/585a9eec-8fd2-4661-9547-1cd3b7336d3f.png'),
    (37, 'https://res.cloudinary.com/dy4wv7gh2/image/upload/v1716672194/uploads/bd12bd97-8c9d-446d-a66b-9d0da3d0ec3c.png'),
    (38, 'https://res.cloudinary.com/dy4wv7gh2/image/upload/v1716672226/uploads/1bb81a93-c08e-4fd0-bac3-e090143293af.png'),
    (39, 'https://res.cloudinary.com/dy4wv7gh2/image/upload/v1716672273/uploads/adac0e3b-6e30-4801-8de7-dcde538f3f29.png'),
    (40, 'https://res.cloudinary.com/dy4wv7gh2/image/upload/v1716672318/uploads/1019c0e8-ddf6-4aa9-9caa-215716d7601b.png'),
    (41, 'https://res.cloudinary.com/dy4wv7gh2/image/upload/v1716672390/uploads/2ca02ff2-36d8-489e-8dc9-2766a09089a2.png'),
    (42, 'https://res.cloudinary.com/dy4wv7gh2/image/upload/v1716672452/uploads/eeded054-906e-4c13-b82e-fe8289666e8e.png'),
    (43, 'https://res.cloudinary.com/dy4wv7gh2/image/upload/v1716672501/uploads/9bec0e35-b0ad-4b2b-b45c-e5303939b1e5.png'),
    (44, 'https://res.cloudinary.com/dy4wv7gh2/image/upload/v1716672556/uploads/96bf3584-daf9-4340-9195-32effc1be4da.png'),
    (45, 'https://res.cloudinary.com/dy4wv7gh2/image/upload/v1716672675/uploads/ca2a86b4-b203-4471-a642-53b21ff59923.png'),
    (46, 'https://res.cloudinary.com/dy4wv7gh2/image/upload/v1716672736/uploads/afc0f70b-b72e-43ae-a977-2a7175696fec.png'),
    (47, 'https://res.cloudinary.com/dy4wv7gh2/image/upload/v1716672774/uploads/e994be75-f13b-4c07-9896-6fb89e37baaf.png'),
    (48, 'https://res.cloudinary.com/dy4wv7gh2/image/upload/v1716672804/uploads/5f2e2661-fb52-4cb0-b2b9-39963136eb9d.png'),
    (49, 'https://res.cloudinary.com/dy4wv7gh2/image/upload/v1716672847/uploads/4701f639-2a5c-416e-b82e-2558bc2b7c4f.png'),
    (50, 'https://res.cloudinary.com/dy4wv7gh2/image/upload/v1716672884/uploads/32d7163e-dbec-4bcf-9ee5-dc7ce5d7d1c4.png');

INSERT OR IGNORE INTO Image_Options (question_id, option_text, is_correct) VALUES
(1, 'Set A', 0),
(1, 'Set B', 1),
(1, 'neither A and B', 0),
(1, 'both A and B', 0),
(2, 'Set A', 1),
(2, 'Set B', 0),
(2, 'neither A and B', 0),
(2, 'both A and B', 0),
(3, 'Set A', 0),
(3, 'Set B', 1),
(3, 'neither A and B', 0),
(3, 'both A and B', 0),
(4, 'Set A', 0),
(4, 'Set B', 1),
(4, 'neither A and B', 0),
(4, 'both A and B', 0),
(5, 'Set A', 0),
(5, 'Set B', 0),
(5, 'neither A and B', 1),
(5, 'both A and B', 0),
(6, 'Set A', 0),
(6, 'Set B', 1),
(6, 'neither A and B', 0),
(6, 'both A and B', 0),
(7, 'Set A', 1),
(7, 'Set B', 0),
(7, 'neither A and B', 0),
(7, 'both A and B', 0),
(8, 'Set A', 1),
(8, 'Set B', 0),
(8, 'neither A and B', 0),
(8, 'both A and B', 0),
(9, 'Set A', 0),
(9, 'Set B', 1),
(9, 'neither A and B', 0),
(9, 'both A and B', 0),
(10, 'Set A', 0),
(10, 'Set B', 0),
(10, 'neither A and B', 1),
(10, 'both A and B', 0),
(11, 'Set A', 0),
(11, 'Set B', 1),
(11, 'neither A and B', 0),
(11, 'both A and B', 0),
(12, 'Set A', 1),
(12, 'Set B', 0),
(12, 'neither A and B', 0),
(12, 'both A and B', 0),
(13, 'Set A', 0),
(13, 'Set B', 0),
(13, 'neither A and B', 1),
(13, 'both A and B', 0),
(14, 'Set A', 1),
(14, 'Set B', 0),
(14, 'neither A and B', 0),
(14, 'both A and B', 0),
(15, 'Set A', 1),
(15, 'Set B', 0),
(15, 'neither A and B', 0),
(15, 'both A and B', 0),
(16, 'Set A', 0),
(16, 'Set B', 1),
(16, 'neither A and B', 0),
(16, 'both A and B', 0),
(17, 'Set A', 1),
(17, 'Set B', 0),
(17, 'neither A and B', 0),
(17, 'both A and B', 0),
(18, 'Set A', 0),
(18, 'Set B', 0),
(18, 'neither A and B', 1),
(18, 'both A and B', 0),
(19, 'Set A', 1),
(19, 'Set B', 0),
(19, 'neither A and B', 0),
(19, 'both A and B', 0),
(20, 'Set A', 1),
(20, 'Set B', 0),
(20, 'neither A and B', 0),
(20, 'both A and B', 0),
(21, 'Set A', 0),
(21, 'Set B', 1),
(21, 'neither A and B', 0),
(21, 'both A and B', 0),
(22, 'Set A', 0),
(22, 'Set B', 1),
(22, 'neither A and B', 0),
(22, 'both A and B', 0),
(23, 'Set A', 1),
(23, 'Set B', 0),
(23, 'neither A and B', 0),
(23, 'both A and B', 0),
(24, 'Set A', 0),
(24, 'Set B', 0),
(24, 'neither A and B', 1),
(24, 'both A and B', 0),
(25, 'Set A', 1),
(25, 'Set B', 0),
(25, 'neither A and B', 0),
(25, 'both A and B', 0),
(26, 'Set A', 1),
(26, 'Set B', 0),
(26, 'neither A and B', 0),
(26, 'both A and B', 0),
(27, 'Set A', 1),
(27, 'Set B', 0),
(27, 'neither A and B', 0),
(27, 'both A and B', 0),
(28, 'Set A', 1),
(28, 'Set B', 0),
(28, 'neither A and B', 0),
(28, 'both A and B', 0),
(29, 'Set A', 0),
(29, 'Set B', 0),
(29, 'neither A and B', 1),
(29, 'both A and B', 0),
(30, 'Set A', 0),
(30, 'Set B', 0),
(30, 'neither A and B', 1),
(30, 'both A and B', 0),
(31, 'A', 0),
(31, 'B', 1),
(31, 'C', 0),
(31, 'D', 0),
(32, 'A', 0),
(32, 'B', 0),
(32, 'C', 1),
(32, 'D', 0),
(33, 'A', 0),
(33, 'B', 0),
(33, 'C', 1),
(33, 'D', 0),
(34, 'A', 0),
(34, 'B', 1),
(34, 'C', 0),
(34, 'D', 0),
(35, 'A', 0),
(35, 'B', 0),
(35, 'C', 0),
(35, 'D', 1),
(36, 'A', 0),
(36, 'B', 0),
(36, 'C', 1),
(36, 'D', 0),
(37, 'A', 0),
(37, 'B', 0),
(37, 'C', 0),
(37, 'D', 1),
(38, 'A', 1),
(38, 'B', 0),
(38, 'C', 0),
(38, 'D', 0),
(39, 'A', 0),
(39, 'B', 1),
(39, 'C', 0),
(39, 'D', 0),
(40, 'A', 0),
(40, 'B', 0),
(40, 'C', 1),
(40, 'D', 0),
(41, 'A', 1),
(41, 'B', 0),
(41, 'C', 0),
(41, 'D', 0),
(42, 'A', 0),
(42, 'B', 0),
(42, 'C', 0),
(42, 'D', 1),
(43, 'A', 1),
(43, 'B', 0),
(43, 'C', 0),
(43, 'D', 0),
(44, 'A', 0),
(44, 'B', 0),
(44, 'C', 1),
(44, 'D', 0),
(45, 'A', 0),
(45, 'B', 1),
(45, 'C', 0),
(45, 'D', 0),
(46, 'A', 0),
(46, 'B', 0),
(46, 'C', 0),
(46, 'D', 1),
(47, 'A', 0),
(47, 'B', 1),
(47, 'C', 0),
(47, 'D', 0),
(48, 'A', 1),
(48, 'B', 0),
(48, 'C', 0),
(48, 'D', 0),
(49, 'A', 0),
(49, 'B', 1),
(49, 'C', 0),
(49, 'D', 0),
(50, 'A', 0),
(50, 'B', 0),
(50, 'C', 1),
(50, 'D', 0);


-- INSERT OR IGNORE INTO Image_Options (question_id, option_text, is_correct) VALUES
-- (1, 'Set A', FALSE),
-- (1, 'Set B', TRUE),
-- (1, 'neither A and B', FALSE),
-- (1, 'both A and B', FALSE),
-- (2, 'Set A', TRUE),
-- (2, 'Set B', FALSE),
-- (2, 'neither A and B', FALSE),
-- (2, 'both A and B', FALSE),
-- (3, 'Set A', FALSE),
-- (3, 'Set B', TRUE),
-- (3, 'neither A and B', FALSE),
-- (3, 'both A and B', FALSE),
-- (4, 'Set A', FALSE),
-- (4, 'Set B', TRUE),
-- (4, 'neither A and B', FALSE),
-- (4, 'both A and B', FALSE),
-- (5, 'Set A', FALSE),
-- (5, 'Set B', FALSE),
-- (5, 'neither A and B', TRUE),
-- (5, 'both A and B', FALSE),
-- (6, 'Set A', FALSE),
-- (6, 'Set B', TRUE),
-- (6, 'neither A and B', FALSE),
-- (6, 'both A and B', FALSE),
-- (7, 'Set A', TRUE),
-- (7, 'Set B', FALSE),
-- (7, 'neither A and B', FALSE),
-- (7, 'both A and B', FALSE),
-- (8, 'Set A', TRUE),
-- (8, 'Set B', FALSE),
-- (8, 'neither A and B', FALSE),
-- (8, 'both A and B', FALSE),
-- (9, 'Set A', FALSE),
-- (9, 'Set B', TRUE),
-- (9, 'neither A and B', FALSE),
-- (9, 'both A and B', FALSE),
-- (10, 'Set A', FALSE),
-- (10, 'Set B', FALSE),
-- (10, 'neither A and B', TRUE),
-- (10, 'both A and B', FALSE),
-- (11, 'Set A', FALSE),
-- (11, 'Set B', TRUE),
-- (11, 'neither A and B', FALSE),
-- (11, 'both A and B', FALSE),
-- (12, 'Set A', TRUE),
-- (12, 'Set B', FALSE),
-- (12, 'neither A and B', FALSE),
-- (12, 'both A and B', FALSE),
-- (13, 'Set A', FALSE),
-- (13, 'Set B', FALSE),
-- (13, 'neither A and B', TRUE),
-- (13, 'both A and B', FALSE),
-- (14, 'Set A', TRUE),
-- (14, 'Set B', FALSE),
-- (14, 'neither A and B', FALSE),
-- (14, 'both A and B', FALSE),
-- (15, 'Set A', TRUE),
-- (15, 'Set B', FALSE),
-- (15, 'neither A and B', FALSE),
-- (15, 'both A and B', FALSE),
-- (16, 'Set A', FALSE),
-- (16, 'Set B', TRUE),
-- (16, 'neither A and B', FALSE),
-- (16, 'both A and B', FALSE),
-- (17, 'Set A', TRUE),
-- (17, 'Set B', FALSE),
-- (17, 'neither A and B', FALSE),
-- (17, 'both A and B', FALSE),
-- (18, 'Set A', FALSE),
-- (18, 'Set B', FALSE),
-- (18, 'neither A and B', TRUE),
-- (18, 'both A and B', FALSE),
-- (19, 'Set A', TRUE),
-- (19, 'Set B', FALSE),
-- (19, 'neither A and B', FALSE),
-- (19, 'both A and B', FALSE),
-- (20, 'Set A', TRUE),
-- (20, 'Set B', FALSE),
-- (20, 'neither A and B', FALSE),
-- (20, 'both A and B', FALSE),
-- (21, 'Set A', FALSE),
-- (21, 'Set B', TRUE),
-- (21, 'neither A and B', FALSE),
-- (21, 'both A and B', FALSE),
-- (22, 'Set A', FALSE),
-- (22, 'Set B', TRUE),
-- (22, 'neither A and B', FALSE),
-- (22, 'both A and B', FALSE),
-- (23, 'Set A', TRUE),
-- (23, 'Set B', FALSE),
-- (23, 'neither A and B', FALSE),
-- (23, 'both A and B', FALSE),
-- (24, 'Set A', FALSE),
-- (24, 'Set B', FALSE),
-- (24, 'neither A and B', TRUE),
-- (24, 'both A and B', FALSE),
-- (25, 'Set A', TRUE),
-- (25, 'Set B', FALSE),
-- (25, 'neither A and B', FALSE),
-- (25, 'both A and B', FALSE),
-- (26, 'Set A', TRUE),
-- (26, 'Set B', FALSE),
-- (26, 'neither A and B', FALSE),
-- (26, 'both A and B', FALSE),
-- (27, 'Set A', TRUE),
-- (27, 'Set B', FALSE),
-- (27, 'neither A and B', FALSE),
-- (27, 'both A and B', FALSE),
-- (28, 'Set A', TRUE),
-- (28, 'Set B', FALSE),
-- (28, 'neither A and B', FALSE),
-- (28, 'both A and B', FALSE),
-- (29, 'Set A', FALSE),
-- (29, 'Set B', FALSE),
-- (29, 'neither A and B', TRUE),
-- (29, 'both A and B', FALSE),
-- (30, 'Set A', FALSE),
-- (30, 'Set B', FALSE),
-- (30, 'neither A and B', TRUE)
-- (30, 'both A and B', FALSE),
-- (31, 'A', FALSE),
-- (31, 'B', TRUE),
-- (31, 'C', FALSE),
-- (31, 'D', FALSE),
-- (32, 'A', FALSE),
-- (32, 'B', FALSE),
-- (32, 'C', TRUE),
-- (32, 'D', FALSE),
-- (33, 'A', FALSE),
-- (33, 'B', FALSE),
-- (33, 'C', TRUE),
-- (33, 'D', FALSE),
-- (34, 'A', FALSE),
-- (34, 'B', TRUE),
-- (34, 'C', FALSE),
-- (34, 'D', FALSE),
-- (35, 'A', FALSE),
-- (35, 'B', FALSE),
-- (35, 'C', FALSE),
-- (35, 'D', TRUE),
-- (36, 'A', FALSE),
-- (36, 'B', FALSE),
-- (36, 'C', TRUE),
-- (36, 'D', FALSE),
-- (37, 'A', FALSE),
-- (37, 'B', FALSE),
-- (37, 'C', FALSE),
-- (37, 'D', TRUE),
-- (38, 'A', TRUE),
-- (38, 'B', FALSE),
-- (38, 'C', FALSE),
-- (38, 'D', FALSE),
-- (39, 'A', FALSE),
-- (39, 'B', TRUE),
-- (39, 'C', FALSE),
-- (39, 'D', FALSE),
-- (40, 'A', FALSE),
-- (40, 'B', FALSE),
-- (40, 'C', TRUE),
-- (40, 'D', FALSE),
-- (41, 'A', TRUE),
-- (41, 'B', FALSE),
-- (41, 'C', FALSE),
-- (41, 'D', FALSE),
-- (42, 'A', FALSE),
-- (42, 'B', FALSE),
-- (42, 'C', FALSE),
-- (42, 'D', TRUE),
-- (43, 'A', TRUE),
-- (43, 'B', FALSE),
-- (43, 'C', FALSE),
-- (43, 'D', FALSE),
-- (44, 'A', FALSE),
-- (44, 'B', FALSE),
-- (44, 'C', TRUE),
-- (44, 'D', FALSE),
-- (45, 'A', FALSE),
-- (45, 'B', TRUE),
-- (45, 'C', FALSE),
-- (45, 'D', FALSE),
-- (46, 'A', FALSE),
-- (46, 'B', TRUE),
-- (46, 'C', FALSE),
-- (46, 'D', FALSE),
-- (47, 'A', FALSE),
-- (47, 'B', TRUE),
-- (47, 'C', FALSE),
-- (47, 'D', FALSE),
-- (48, 'A', TRUE),
-- (48, 'B', FALSE),
-- (48, 'C', FALSE),
-- (48, 'D', FALSE),
-- (49, 'A', FALSE),
-- (49, 'B', TRUE),
-- (49, 'C', FALSE),
-- (49, 'D', FALSE),
-- (50, 'A', FALSE),
-- (50, 'B', FALSE),
-- (50, 'C', FALSE),
-- (50, 'D', TRUE);